minutes,lot_sqft,slope,obstacles,gated,crew_size,invoice_id,customer_rating
13.3,11125,flat,3,0,3,50761,5
4.5,1362,moderate,4,0,3,68868,4
14.4,5919,flat,3,0,1,89918,2
32.8,15539,flat,3,1,1,64082,4
6.8,3532,flat,3,0,3,82748,3
18.2,7208,flat,4,0,1,18525,3
19.5,15972,moderate,2,1,3,97940,3
16.4,3682,steep,5,1,2,14586,1
16.4,10933,steep,5,0,2,16317,5
15.3,19892,flat,1,0,2,84691,1
17.6,8951,steep,5,1,1,23107,4
20.4,17149,flat,4,0,1,97823,5
15.7,6488,flat,6,0,2,27527,4
10.1,5553,moderate,1,0,2,20233,2
13.1,9046,flat,2,0,2,15814,3
8.4,3171,flat,5,0,2,33808,2
24.0,12888,flat,2,1,1,18131,2
13.0,7174,steep,1,0,1,64604,4
8.2,3437,flat,2,0,3,50245,2
30.2,13047,moderate,3,1,1,59468,5
14.6,10159,flat,4,0,2,16193,5
7.0,5847,flat,2,0,2,22253,2
11.4,4956,moderate,2,0,1,99983,4
19.6,8606,steep,4,0,1,70587,3
11.1,2939,moderate,4,0,1,58390,1
12.3,3707,moderate,6,0,1,98256,1
15.9,14229,moderate,3,0,3,70134,5
14.4,8545,moderate,5,0,2,83423,3
14.5,14059,moderate,5,0,3,83505,3
32.3,8004,flat,8,1,1,17925,5
13.1,18273,flat,1,0,2,44373,1
9.0,4052,steep,4,0,3,33271,2
19.9,14181,flat,4,0,1,27436,2
16.7,12427,moderate,1,1,3,73393,4
17.8,14082,flat,2,0,1,19401,1
23.1,18090,moderate,2,0,2,88050,3
14.2,6162,moderate,2,0,3,27891,3
16.2,7674,moderate,7,0,2,27957,5
23.8,22992,moderate,4,0,3,54639,1
31.5,15413,steep,2,0,3,97094,3
19.3,13181,moderate,3,0,2,14023,5
7.3,3485,flat,6,0,2,28193,1
16.8,22051,moderate,4,0,3,32670,4
18.9,10040,flat,3,0,2,72760,5
15.9,12672,flat,4,0,3,72098,3
11.0,2919,flat,1,0,1,14720,3
14.1,9065,flat,3,0,2,73938,4
7.9,2090,moderate,6,1,3,62038,5
18.1,11680,flat,1,0,2,43021,5
8.3,7631,flat,8,0,3,31909,5
21.1,8609,flat,2,0,1,24325,2
10.5,4372,steep,3,0,3,63493,3
11.6,8958,moderate,4,0,2,10749,2
14.1,6929,flat,2,0,1,84585,3
7.0,2908,steep,1,0,2,64389,1
19.4,8747,moderate,5,0,2,12307,3
20.5,6617,moderate,2,1,2,13306,2
8.3,3284,flat,4,0,2,27131,4
12.5,13006,flat,2,0,2,96934,5
14.4,3462,moderate,0,1,1,53500,5
13.0,4853,moderate,0,1,2,79766,4
12.5,2569,moderate,6,1,2,10932,4
8.7,2842,moderate,7,0,3,11328,2
13.9,9402,flat,3,0,2,93911,1
32.8,27984,moderate,0,0,1,46035,5
11.5,5267,flat,3,0,1,92788,4
15.8,6393,steep,9,0,2,83677,4
6.9,6245,flat,1,0,3,33414,5
15.6,13280,flat,5,1,3,15036,5
30.4,28592,moderate,4,1,2,25893,5
19.6,9233,flat,3,0,2,88223,4
10.2,6858,steep,2,0,2,99806,4
22.4,13244,moderate,6,0,3,38807,3
22.7,11193,moderate,3,1,3,42555,1
13.2,6582,flat,6,0,2,44473,3
13.0,7922,steep,6,0,3,85467,1
9.6,4603,steep,4,0,2,29762,5
12.2,7980,flat,2,0,1,58925,4
7.7,3422,steep,4,0,2,22366,1
14.2,16970,flat,2,0,3,94086,3
20.7,16906,flat,3,0,3,68604,5
8.3,2246,flat,2,0,1,13861,2
6.9,2272,flat,3,0,2,91667,5
21.7,4431,steep,2,1,1,47350,3
14.3,6653,steep,4,0,2,76959,3
21.0,13261,moderate,5,0,2,80784,2
21.5,5756,moderate,3,0,1,20608,2
21.1,12909,flat,6,0,2,13024,1
8.1,2856,moderate,2,0,3,67227,4
10.0,5969,flat,0,0,2,69403,4
17.9,6361,flat,4,1,1,33839,1
9.2,3789,flat,1,1,1,18668,2
10.3,4028,steep,5,0,2,66699,1
14.7,9997,flat,6,0,2,62407,3
12.9,8299,flat,4,0,3,15880,2
23.7,11973,flat,6,0,1,81232,4
7.3,2152,flat,4,1,3,89940,3
19.6,16969,flat,5,0,2,15049,5
16.4,20074,flat,1,0,2,40114,2
21.2,23921,flat,5,0,2,77126,1
9.5,6774,flat,1,0,3,63558,5
11.0,4752,moderate,6,0,2,80421,4
12.5,9781,steep,1,0,3,66814,2
19.1,7645,moderate,5,0,1,60085,3
22.6,12151,steep,3,0,2,59931,2
6.2,1798,flat,3,0,2,73193,3
11.3,5698,moderate,2,1,3,74406,4
20.9,7963,moderate,5,1,2,23946,1
4.8,3838,steep,1,0,3,73923,4
6.3,3794,flat,2,0,2,60984,3
23.1,19741,flat,3,0,2,99766,1
11.7,9540,flat,2,0,2,79324,5
15.6,3922,moderate,2,0,1,99394,1
21.0,18839,flat,2,0,1,34025,3
11.3,5546,flat,2,0,1,89678,3
14.5,4096,moderate,2,1,2,19324,2
21.6,4309,moderate,2,1,1,35663,5
8.2,4833,flat,1,0,2,66670,2
15.8,9507,flat,5,0,2,62660,4
20.7,6741,moderate,5,0,1,29031,4
11.1,7988,steep,2,0,2,13249,2
15.2,5190,moderate,5,0,2,72982,3
16.0,9824,steep,0,1,2,24524,2
6.5,4432,flat,3,0,2,57735,3
15.4,8463,flat,1,1,2,93871,4
12.9,3671,flat,3,1,2,95411,4
16.1,12813,flat,1,0,3,97473,5
22.8,10438,steep,3,0,1,60766,2
9.9,6040,moderate,4,0,3,61791,3
17.5,7806,flat,6,1,2,10187,3
16.8,5000,moderate,3,0,1,23882,1
14.4,5510,flat,4,0,2,52531,3
16.7,7980,steep,1,0,2,64148,5
20.3,12806,flat,2,0,2,70155,5
5.5,2634,flat,2,0,3,91967,2
9.9,5767,flat,3,0,2,60995,5
18.7,10748,moderate,0,1,3,97242,1
7.0,3564,moderate,3,0,3,30938,3
9.4,3306,flat,0,0,2,95402,5
14.0,12520,flat,3,0,3,52245,2
8.1,5398,flat,2,0,3,70039,4
32.0,20948,moderate,7,0,2,95805,5
18.4,11567,steep,3,0,3,75467,1
14.4,7553,flat,8,0,2,58397,2
9.7,6692,moderate,2,0,2,11393,3
14.8,6633,moderate,5,0,1,17798,5
16.6,6208,flat,3,0,1,69984,2
15.3,5507,flat,0,0,1,54698,4
9.4,3185,moderate,6,0,2,54927,2
7.3,5305,flat,2,0,2,16105,2
16.0,8523,flat,4,1,1,13900,1
11.9,3843,steep,3,0,2,63905,4
9.3,3634,flat,4,1,2,77878,2
13.3,4582,flat,2,1,2,18415,1
23.8,18339,moderate,4,1,3,92000,3
21.4,15655,steep,3,0,2,45830,5
15.4,10009,flat,2,0,2,13548,4
16.0,5132,flat,6,0,1,30466,4
25.4,12398,flat,3,0,1,67850,3
9.1,2530,flat,5,1,1,90449,2
15.5,10597,flat,4,0,3,88610,4
17.4,7593,moderate,3,0,1,23546,5
26.1,26299,moderate,2,0,2,59485,5
24.4,10167,flat,0,0,2,45617,5
12.7,5471,flat,0,0,1,83837,4
17.1,8086,moderate,5,0,1,48085,4
11.8,4607,flat,0,0,1,94281,5
12.8,9024,steep,2,0,3,29156,5
15.7,5447,moderate,3,1,1,63317,2
14.4,10808,flat,4,0,3,41183,5
12.4,12293,flat,2,0,3,64760,2
9.7,3651,steep,3,0,2,82710,3
33.8,15992,moderate,4,0,1,81958,4
4.6,1455,flat,2,0,2,82823,4
8.7,3340,moderate,0,0,1,55858,4
14.2,11019,flat,5,0,2,14463,2
19.2,11045,flat,0,0,1,30354,5
30.3,21311,flat,6,1,2,38563,5
37.0,6164,steep,6,1,1,47845,2
13.5,6679,moderate,7,0,1,49150,2
14.6,11305,moderate,5,0,2,80962,3
17.6,5001,flat,1,1,1,42319,4
13.0,9564,steep,4,0,3,27533,4
12.0,4983,steep,3,0,2,64894,3
14.8,5489,moderate,3,0,2,46811,4
12.5,11548,flat,1,0,3,89457,1
10.7,9736,flat,2,0,3,43651,2
8.7,4220,flat,3,0,3,96830,1
21.8,15483,flat,3,1,1,14640,3
7.8,3081,flat,1,0,2,63944,1
24.1,8923,moderate,1,0,1,99328,3
14.6,10894,steep,3,0,3,90080,1
18.0,5390,steep,5,0,1,16628,2
10.7,3449,moderate,3,0,1,74885,3
11.3,3932,moderate,3,0,1,78164,1
11.2,7858,flat,1,0,3,98687,3
23.8,19604,flat,4,0,2,52118,5
16.4,6106,flat,1,0,3,30336,1
4.1,2377,flat,2,0,3,39129,5
13.0,5133,steep,4,0,2,43331,3
12.9,2606,moderate,4,1,1,87899,3
18.3,14813,flat,2,0,1,77774,4
20.1,9616,moderate,4,1,3,17193,1
11.3,9288,flat,3,0,3,76238,5
4.4,2091,flat,6,0,2,26748,5
5.4,2729,flat,2,0,3,49426,3
6.3,3421,flat,4,0,3,18641,1
16.9,6004,flat,5,0,1,46598,2
14.0,6026,flat,4,0,2,80568,5
13.7,4946,moderate,0,0,1,63745,1
22.1,12131,steep,1,0,2,76860,4
6.3,3658,flat,2,0,3,45230,2
14.5,13263,flat,4,0,2,27979,5
21.5,9676,flat,5,0,2,39241,1
10.3,4046,flat,4,0,2,64133,1
12.1,5466,moderate,7,0,1,64547,2
62.8,20806,steep,4,1,1,61554,2
16.1,8731,moderate,0,0,1,85308,4
9.7,3426,flat,4,0,3,93580,3
12.1,6445,moderate,0,0,2,20873,3
9.9,5633,flat,5,0,1,51736,3
16.1,10283,steep,4,1,2,31455,5
18.3,4692,flat,2,0,1,41845,5
20.4,11109,flat,2,0,1,40480,3
16.5,5767,moderate,2,0,2,13086,3
15.3,4895,moderate,0,1,3,67194,1
17.4,12670,moderate,2,0,1,21453,4
12.3,8477,flat,1,0,2,70440,2
5.0,2546,moderate,3,0,2,32462,5
9.4,7621,flat,0,0,2,70953,1
14.4,6903,flat,3,0,2,93535,5
16.2,8423,moderate,5,0,2,86414,5
17.7,13642,moderate,3,0,2,40425,5
9.5,2969,flat,1,0,2,20395,3
18.1,9965,steep,3,1,3,63834,3
14.9,5625,moderate,1,0,1,54294,4
13.4,11158,flat,3,0,2,28016,1
6.8,4155,flat,3,0,3,57867,1
12.4,7860,flat,2,0,2,42854,4
27.1,16755,moderate,4,1,3,14697,1
8.8,6891,flat,3,0,3,56571,3
13.8,10951,flat,4,0,2,60049,4
5.4,1597,flat,1,0,2,70411,5
9.9,3608,moderate,2,0,1,91116,1
15.3,3804,moderate,3,0,1,75661,3
14.3,5895,moderate,3,0,2,48842,5
17.1,6042,moderate,1,0,1,57650,2
17.3,10279,moderate,3,1,3,33971,3
8.4,3636,flat,5,0,3,81933,5
23.0,21086,flat,2,0,2,67785,1
28.0,22217,flat,1,0,2,89549,5
9.5,4799,flat,2,0,2,81835,4
14.0,10767,flat,1,0,1,40591,2
34.5,20845,flat,5,0,1,40537,2
10.4,5867,flat,3,0,2,55404,2
21.2,8186,moderate,5,0,2,21237,3
18.8,13392,flat,2,0,1,68637,1
17.9,14204,moderate,2,0,2,76728,1
16.1,8324,moderate,2,0,2,51398,5
18.2,6811,flat,2,1,2,92325,1
15.4,9820,flat,2,0,1,69763,2
12.5,6841,flat,3,0,2,68518,3
17.7,13722,moderate,2,0,2,97333,3
20.7,6485,flat,3,1,1,11457,1
14.7,5843,moderate,0,0,2,41191,1
17.7,4489,steep,3,0,2,62089,2
42.5,19762,steep,3,1,2,67110,5
11.7,5589,moderate,5,0,1,66119,5
11.1,3482,flat,4,0,1,14128,1
17.5,9847,flat,4,0,2,77650,4
10.1,5220,moderate,3,0,2,40633,5
21.7,10157,moderate,2,0,1,57143,5
11.1,6666,flat,2,0,3,60661,3
17.2,7339,moderate,3,0,3,66772,5
11.9,7187,moderate,3,0,2,30791,2
20.1,8497,moderate,2,0,1,50781,1
8.7,6443,flat,3,0,3,92273,3
9.5,4303,flat,2,0,2,36167,4
15.2,8183,flat,3,0,1,40760,3
14.0,9298,moderate,1,0,3,77480,1
7.8,2760,steep,2,0,2,20052,2
12.6,5560,moderate,3,0,2,58265,2
14.2,8294,flat,3,0,2,46466,5
9.5,10851,flat,0,0,2,94581,4
16.7,18621,moderate,5,0,3,57821,3
16.3,12028,flat,5,0,2,13857,3
14.2,10685,moderate,2,0,2,85255,5
18.6,7443,moderate,3,0,1,48163,4
14.8,8674,flat,2,0,2,28051,4
14.6,6820,moderate,4,1,2,43670,2
15.7,10006,flat,2,0,2,95731,2
7.0,2233,moderate,7,0,2,55524,2
12.4,6538,flat,4,0,1,43300,2
23.8,18227,flat,2,1,3,82492,5
13.3,5070,steep,5,0,1,33246,1
11.4,3205,flat,5,1,2,23781,3
13.1,5053,steep,2,0,2,76546,5
11.0,6522,moderate,4,0,3,76687,1
39.3,12483,moderate,4,1,1,62173,3
8.7,2318,flat,3,0,1,91178,4
15.6,6040,flat,4,0,1,39624,2
37.1,14171,steep,3,1,2,95291,3
10.8,8833,flat,4,0,1,69503,1
9.6,4384,moderate,1,0,3,62013,3
13.5,14483,flat,1,0,2,33747,1
22.5,7426,flat,3,1,1,93174,2
20.6,6627,moderate,4,1,2,41223,3
14.9,7297,flat,2,0,1,71287,5
17.0,5303,steep,6,1,2,95307,1
21.5,12124,flat,3,1,2,64393,1
23.0,13350,moderate,1,0,1,14195,1
13.8,8051,moderate,2,0,3,73581,3
18.5,10727,flat,4,0,1,65899,5
16.5,7312,moderate,2,1,1,93365,5
21.3,5936,flat,5,1,1,36408,1
11.4,7659,moderate,1,0,2,10846,2
12.0,5878,flat,7,0,2,85184,1
11.9,6889,steep,1,0,2,73590,4
19.0,6624,steep,3,0,1,26098,5
14.7,16211,moderate,1,0,2,36395,5
8.6,2827,flat,6,0,1,65629,4
8.7,5602,flat,5,0,3,29139,3
24.5,10702,steep,5,0,3,45585,5
12.3,4776,moderate,3,1,2,43410,4
15.5,6331,flat,2,1,2,16160,2
10.4,7085,moderate,2,0,3,61414,3
14.4,6566,flat,8,0,2,93049,5
10.2,7593,flat,5,0,2,19998,2
10.2,4528,flat,0,0,2,61665,2
14.1,5353,steep,1,0,2,31283,1
10.9,3828,flat,2,0,2,56861,3
12.1,5541,flat,2,0,2,90253,2
10.2,4383,moderate,2,0,1,60959,3
7.3,2796,moderate,2,0,3,50075,5
10.1,6343,steep,6,0,2,83129,3
16.4,7088,moderate,1,1,3,23354,2
15.2,7648,flat,5,0,2,40016,3
13.2,7130,flat,2,0,1,12054,1
13.1,10391,flat,2,0,3,92292,1
9.8,8128,flat,1,0,1,49256,3
13.2,7433,flat,1,1,2,76170,3
15.5,12553,flat,2,0,2,21845,5
12.7,7330,flat,0,0,1,63411,2
22.7,4360,flat,3,1,2,79187,1
18.4,10603,flat,3,0,1,71201,3
17.4,7297,flat,1,1,3,69784,3
10.1,2827,steep,7,0,2,72963,4
12.5,5433,flat,2,0,2,22028,4
16.5,3832,flat,5,0,1,22794,4
9.6,8400,moderate,1,0,3,26494,1
10.3,5892,moderate,1,0,2,56544,4
5.2,2316,flat,1,0,3,12565,3
14.3,3646,steep,3,0,3,87768,1
22.8,13299,flat,2,1,2,99437,5
17.9,6663,moderate,3,0,1,13942,5
10.7,7173,moderate,4,0,3,57426,4
14.6,5605,flat,2,0,2,98285,1
11.2,6892,moderate,3,0,3,54259,3
28.1,12426,steep,3,0,1,41732,4
12.7,8083,moderate,2,0,2,21135,3
13.2,5394,flat,2,0,1,41502,2
12.4,6821,flat,0,0,2,70828,4
31.3,15350,steep,5,0,1,53681,4
11.2,9018,moderate,3,0,2,91741,3
10.4,6113,flat,6,0,3,32039,5
22.8,15602,steep,6,0,3,92370,2
8.9,3587,moderate,7,0,2,86493,2
8.4,1876,flat,4,0,1,72894,5
9.4,5710,steep,2,1,3,32947,5
12.0,7425,moderate,9,0,2,83919,5
23.9,8007,flat,1,0,1,47524,2
10.9,3000,moderate,2,0,1,60729,4
13.3,6585,steep,3,0,2,27753,2
17.7,5263,moderate,2,0,1,61251,2
24.5,12223,steep,3,0,1,94053,1
11.8,11744,flat,1,0,3,82144,3
10.3,7284,flat,1,0,2,44355,5
10.2,4048,flat,0,0,1,55110,5
14.9,8662,moderate,5,1,2,73316,5
20.6,7080,steep,4,0,1,54054,4
18.1,6768,flat,1,0,1,48628,2
11.5,7613,flat,2,0,3,56022,5
17.3,12177,moderate,2,0,3,91623,1
8.6,4164,moderate,1,0,2,28045,4
10.3,3293,steep,1,0,3,23100,4
17.6,7795,flat,2,0,2,89582,2
11.6,9280,steep,5,0,3,23109,3
7.9,7170,flat,5,0,3,34412,4
8.5,2640,flat,4,0,3,37697,3
13.0,6030,flat,4,0,2,99568,1
10.5,4899,flat,3,0,1,17953,3
12.5,6736,flat,4,0,2,96199,5
14.8,7263,moderate,7,0,2,12090,3
6.4,3705,flat,1,0,3,50212,2
9.6,4976,steep,2,0,2,72466,4
9.7,4059,steep,0,0,2,27201,1
12.9,5685,flat,1,0,2,44456,3
12.2,11381,flat,2,0,2,14535,4
10.3,3606,steep,2,0,1,43204,1
12.5,8270,flat,3,0,2,45866,4
11.1,7696,moderate,4,0,2,16751,4
15.7,3984,moderate,0,0,1,97158,5
12.0,10711,flat,5,0,2,51302,3
7.9,1684,steep,3,0,2,37009,5
33.7,18047,moderate,4,1,3,69864,3
22.0,13337,moderate,6,0,1,83177,1
18.6,5712,moderate,3,0,3,36727,3
18.4,3749,moderate,2,1,1,63576,2
8.3,4240,steep,3,0,3,91771,3
10.0,3485,flat,6,0,1,39610,4
22.5,17632,moderate,3,0,1,88254,1
6.3,3399,moderate,3,0,2,81340,1
15.4,8149,moderate,3,0,1,36436,1
13.0,2916,moderate,5,0,1,55551,2
12.2,6806,steep,2,0,2,18682,4
14.3,8769,moderate,4,0,2,13183,2
17.4,5375,moderate,6,0,2,87691,4
25.6,12707,moderate,5,1,2,27117,2
11.9,6613,moderate,1,0,2,96853,4
15.9,9724,flat,1,1,1,27296,4
11.5,6292,flat,3,0,1,76466,4
10.3,3814,flat,4,1,2,30094,5
14.3,6110,flat,1,1,3,80308,5
12.4,8627,flat,0,0,1,20934,3
14.9,10775,flat,1,0,2,43938,4
10.4,5063,flat,1,0,1,63872,3
13.6,4009,moderate,1,1,1,35457,4
9.2,5852,flat,4,0,3,74907,4
14.2,4682,flat,5,0,1,36107,1
9.1,6265,flat,3,0,2,72422,2
9.4,5274,steep,3,0,2,80889,5
12.8,7968,moderate,1,0,3,92491,4
24.4,9377,moderate,4,0,1,55574,5
12.0,3811,moderate,4,0,2,73720,5
13.0,7507,moderate,3,0,2,84027,5
14.0,4911,flat,5,0,1,30776,3
22.6,11201,moderate,4,0,1,10972,2
11.2,4345,flat,3,0,2,69860,3
8.2,4002,moderate,1,0,2,79376,5
9.1,3236,steep,2,0,3,52776,4
12.7,5525,steep,2,0,2,18093,5
25.8,6555,moderate,3,1,1,97960,3
13.1,4082,moderate,4,0,3,36164,4
9.6,6574,flat,6,0,2,53805,2
6.3,1651,steep,3,0,2,40441,2
15.6,7015,steep,1,0,1,54791,3
19.2,6422,steep,1,1,1,15651,4
5.7,2039,flat,6,0,3,30264,1
12.6,13983,flat,2,0,3,82712,2
16.2,8460,moderate,1,0,3,12535,5
15.7,9107,moderate,2,1,2,77331,1
18.8,12075,steep,5,0,2,33009,3
7.3,4735,flat,5,0,3,67872,2
11.8,3329,steep,3,0,2,59800,5
32.3,18694,flat,3,0,1,84156,1
8.1,4660,flat,4,0,2,37260,5
10.2,2319,steep,4,0,1,41310,5
6.3,2233,flat,5,0,1,38108,4
24.5,21509,moderate,4,0,1,93508,5
16.2,7115,moderate,2,1,1,65123,2
11.7,8092,moderate,4,0,3,15445,3
19.8,7541,flat,2,0,2,34693,2
19.5,8725,steep,0,1,2,52526,1
22.2,20153,flat,5,0,2,84668,1
15.5,5240,flat,2,0,1,61370,1
14.7,12048,moderate,2,0,2,30873,1
14.0,7474,moderate,2,0,2,93911,3
13.8,5153,flat,3,0,1,99575,1
12.9,4311,steep,4,0,2,69052,4
14.5,6459,moderate,1,1,3,26813,3
11.2,4859,steep,4,0,1,21027,3
30.4,11848,flat,1,1,1,36224,3
25.3,18233,moderate,2,0,2,90442,4
12.4,9180,flat,1,0,1,50132,2
11.3,5129,flat,1,0,1,86508,4
7.1,3293,steep,7,0,2,72184,1
10.2,3976,flat,0,0,3,22334,3
18.3,11424,flat,1,0,2,46665,2
7.2,10359,flat,4,0,3,71111,3
13.5,14319,flat,3,0,2,98823,4
8.6,4053,moderate,2,0,2,21181,4
16.5,6746,flat,4,0,1,97027,3
27.1,13835,flat,7,0,1,33996,2
22.8,8295,moderate,3,0,2,46036,1
9.0,3850,moderate,3,1,3,20694,2
11.2,4260,flat,3,0,3,87041,2
6.8,2935,moderate,1,0,2,55563,1
7.8,3319,moderate,3,1,3,61684,3
23.9,14962,moderate,3,0,1,12543,3
9.7,3673,steep,6,0,1,19722,3
19.9,15216,flat,5,0,2,21407,3
16.8,12641,flat,1,1,2,62546,5
10.8,8692,moderate,3,0,3,41454,1
11.3,4471,flat,3,1,2,79410,4
23.7,22889,flat,6,0,2,38924,1
21.9,11353,moderate,3,0,1,27518,5
23.0,12850,flat,2,0,2,90911,3
14.4,7132,flat,6,0,1,80913,2
17.3,3050,flat,1,1,1,90000,5
22.8,9442,moderate,3,1,1,12394,2
15.5,10362,flat,3,0,1,26768,5
11.6,3220,flat,1,1,2,25756,2
28.5,6882,flat,2,1,1,68791,2
19.9,7849,flat,2,0,1,34958,2
10.6,3396,flat,0,1,2,53442,5
20.2,7502,steep,4,0,1,65543,4
13.4,6924,steep,3,1,3,78184,1
10.2,8726,flat,4,0,3,44802,1
17.7,6627,moderate,1,1,1,47894,1
13.8,5586,flat,8,0,2,45423,2
16.3,6117,flat,4,0,2,81513,1
15.9,5193,flat,6,0,2,31831,2
23.8,15527,flat,1,0,2,23519,4
15.1,8594,flat,4,0,2,11995,1
12.2,4643,flat,1,1,1,63972,5
18.8,6330,steep,2,1,2,89105,4
18.8,12025,flat,1,1,3,64508,4
21.0,13979,steep,6,0,3,23357,4
11.7,4494,flat,2,0,3,44699,2
20.6,10793,steep,4,1,2,77475,1
21.1,9996,steep,1,0,1,22351,5
21.6,9634,moderate,2,0,1,79202,1
10.2,4372,flat,4,0,2,98642,2
37.3,14188,steep,4,0,1,39031,3
8.0,5553,steep,1,0,3,13651,4
17.0,3829,flat,8,0,1,46010,4
58.1,25214,steep,2,0,1,69903,5
16.1,9063,steep,4,0,1,73860,4
16.6,9485,flat,2,0,1,50019,2
26.9,25945,flat,3,1,1,65604,5
5.5,2705,flat,3,0,3,40080,3
9.0,4683,steep,0,0,2,86628,1
7.2,2347,flat,2,0,1,55219,5
10.6,5543,moderate,4,0,2,65465,1
20.4,18205,moderate,1,0,2,74138,3
19.1,9295,moderate,1,1,2,37094,2
15.6,10752,moderate,6,0,2,87365,5
12.0,4818,moderate,5,0,2,33964,5
11.1,4473,flat,4,0,1,40527,5
16.2,4356,moderate,5,0,2,55558,3
35.9,22092,moderate,4,0,1,64533,4
16.0,7469,flat,7,0,1,44120,3
16.9,10571,flat,2,1,2,93626,3
13.4,2491,flat,1,0,1,31459,2
25.1,9578,flat,4,1,2,61714,5
14.5,3012,moderate,5,1,1,16306,5
20.2,6274,moderate,10,1,1,16223,4
20.8,10017,moderate,4,1,1,70246,4
17.2,8995,steep,1,0,2,32047,2
20.6,10452,flat,5,1,2,36237,1
14.7,4595,moderate,4,1,3,24257,1
13.5,4346,moderate,4,0,2,28636,4
17.6,9040,steep,4,0,2,12083,3
19.2,14249,flat,3,0,3,44002,2
13.0,6794,steep,2,0,1,53155,4
17.7,7299,steep,4,1,2,32691,2
11.6,7507,moderate,3,0,1,28184,2
13.1,5870,moderate,3,1,2,56433,5
18.3,7767,steep,3,0,2,66034,5
18.7,5061,flat,1,0,1,59962,5
18.6,6171,steep,0,1,2,50777,1
27.8,10025,flat,3,1,1,95936,5
8.3,3612,flat,3,0,2,23124,3
9.1,6369,flat,3,0,3,86495,2
10.3,6644,flat,6,0,1,31481,2
9.4,7020,flat,2,0,1,69032,1
14.0,4909,moderate,5,0,1,73552,1
21.8,7337,flat,3,0,1,12050,5
11.8,9622,flat,6,0,3,21859,2
21.8,12046,steep,4,0,2,33704,4
11.3,2404,steep,3,0,1,57061,2
13.2,8349,flat,0,1,2,62701,2
13.6,5447,moderate,1,0,1,18594,3
17.6,14797,moderate,8,0,2,10269,4
10.2,3827,flat,4,0,2,86894,3
19.6,5461,moderate,5,1,2,11563,1
21.0,7924,flat,5,0,1,80499,4
10.4,2225,flat,3,0,1,74966,4
28.8,18699,flat,8,0,1,79481,5
15.6,11171,flat,3,0,2,39514,4
10.0,5549,moderate,2,0,2,93223,1
12.7,3128,flat,5,1,1,49292,2
13.5,7749,moderate,2,0,1,62841,3
18.1,9576,moderate,2,0,1,38796,3
12.8,9650,moderate,1,0,2,55036,3
14.3,9668,flat,2,0,1,61284,3
12.9,13146,flat,1,0,3,50751,1
26.3,11582,flat,7,0,1,20067,2
5.9,1315,flat,5,0,2,77708,1
20.4,18102,flat,1,0,2,21155,1
16.9,12943,flat,2,0,1,51644,2
11.6,5046,flat,3,1,3,55875,1
20.8,7154,flat,5,1,2,49655,2
20.9,11400,flat,3,0,1,32490,5
10.4,3371,moderate,4,0,2,45006,3
25.1,19833,moderate,5,0,1,28183,2
12.3,5624,moderate,3,0,3,15150,4
13.5,7093,flat,2,0,1,35942,2
10.3,4090,steep,4,0,2,24579,3
16.2,7912,flat,1,1,2,20104,1
26.1,17568,flat,5,0,2,86725,3
23.5,14366,flat,0,0,1,25391,4
12.2,6327,flat,5,0,2,70751,1
9.6,2165,steep,3,1,2,90383,5
10.4,5801,flat,2,0,1,10460,4
12.1,4486,steep,1,0,1,11670,3
21.7,6725,steep,2,1,1,70211,3
9.9,3509,flat,3,1,3,78442,5
16.7,15571,flat,2,0,3,90862,4
13.5,9168,moderate,2,0,2,18513,5
18.1,5928,steep,3,0,1,55724,3
26.5,5935,moderate,1,1,2,31768,2
12.9,7458,flat,5,0,3,75866,1
30.0,11101,steep,1,1,1,42532,5
15.6,3695,moderate,3,0,2,57470,2
6.6,5155,flat,1,0,3,41754,3
15.9,6858,flat,2,0,1,57575,3
14.0,5942,flat,3,1,3,86671,5
14.9,10714,flat,4,0,2,49858,1
9.6,6675,steep,1,0,2,84315,1
24.8,12775,flat,4,1,1,62346,1
13.4,4812,flat,3,0,2,28906,2
10.1,3622,moderate,4,0,2,81373,1
12.3,5998,moderate,4,1,3,12760,5
9.6,1864,flat,3,0,1,17577,3
12.0,4869,steep,5,1,2,25872,5
23.0,10578,flat,0,1,2,52794,3
21.0,15447,flat,3,1,2,90061,2
7.8,3413,moderate,2,0,3,92548,2
10.4,6393,flat,4,0,3,63339,4
23.5,8876,moderate,2,1,2,36016,1
9.8,2545,moderate,3,0,1,27893,1
10.6,11215,moderate,3,0,3,14233,3
18.7,10004,moderate,5,0,1,69642,2
15.9,12552,flat,3,0,3,82678,3
22.6,11930,moderate,2,1,2,63656,2
14.1,4729,moderate,6,0,1,85794,1
7.9,3409,flat,1,1,3,66213,5
24.3,7980,moderate,7,0,1,11831,5
11.9,8578,flat,2,1,3,67228,1
57.0,45792,flat,3,1,1,58638,4
8.9,3395,moderate,4,0,1,77005,3
11.2,3724,steep,2,0,2,42426,3
12.7,7086,flat,2,0,2,35785,5
11.6,5129,steep,7,0,2,25535,2
8.9,3129,steep,4,0,1,81714,2
11.1,4316,steep,1,0,2,88270,1
18.1,12347,moderate,3,0,2,72114,1
13.7,6694,steep,3,0,1,39408,5
10.9,10378,flat,2,0,2,89954,1
15.5,7219,flat,3,1,2,92579,5
23.1,26323,flat,8,0,2,23369,2
14.4,5272,flat,1,0,1,44777,2
18.6,9924,steep,1,0,1,63287,4
11.9,5173,flat,6,0,1,23697,1
18.4,4301,flat,2,0,1,97289,4
19.6,3899,flat,2,1,1,43954,5
9.1,3534,moderate,4,1,3,61845,5
11.8,4988,flat,2,0,1,45054,4
12.7,4875,moderate,3,0,1,77056,3
16.6,3646,moderate,2,1,1,86374,2
9.8,4327,moderate,3,0,2,62781,5
21.3,8715,flat,1,0,1,80988,4
8.3,3647,moderate,3,0,1,72939,5
19.9,12844,flat,3,0,1,10123,5
13.5,10836,steep,4,0,3,86198,2
12.4,7240,flat,4,0,3,79744,2
13.4,6067,steep,1,0,2,62236,5
20.9,14568,flat,4,0,3,42951,1
27.1,14725,moderate,6,0,2,73498,1
20.9,21253,moderate,2,0,2,82626,1
16.2,16374,flat,1,0,2,69853,3
14.8,7777,flat,1,0,1,30741,5
16.9,3791,flat,0,1,2,15747,3
18.5,5348,flat,2,0,2,71746,4
6.9,2487,moderate,3,1,3,98437,4
9.2,5758,flat,4,0,3,46637,3
13.3,5906,flat,1,0,1,27487,2
15.7,9706,flat,5,0,2,42782,5
12.9,4891,flat,3,0,3,20166,1
20.1,11906,flat,0,0,1,68851,3
21.0,10129,flat,5,0,2,17907,2
8.5,5697,moderate,4,0,2,95228,3
16.6,6959,moderate,2,0,1,63674,3
14.3,5751,moderate,4,0,2,75938,4
25.8,6353,moderate,3,1,1,63598,5
14.0,5190,moderate,5,1,2,95362,1
6.5,4009,flat,3,0,3,55043,3
9.8,4881,flat,2,0,1,22094,1
12.8,9076,moderate,2,0,3,13571,1
10.9,3983,flat,2,0,3,56720,4
8.9,4094,flat,2,0,1,33014,2
11.9,6250,steep,1,1,2,84032,5
32.2,20163,flat,4,0,1,27803,3
22.0,9463,steep,4,0,2,72495,2
8.1,6670,moderate,2,0,3,37521,4
26.7,11133,flat,2,0,1,60403,4
16.8,8600,flat,5,0,3,66497,1
7.9,1619,flat,3,1,1,90643,5
8.2,7382,moderate,2,0,3,74234,3
